{"cameraMode":{"drawMode":0,"name":"Shaded","section":"Shading Mode"},"sceneLighting":true,"audioPlay":false,"sceneViewState":{"m_AlwaysRefresh":false,"showFog":true,"showSkybox":true,"showFlares":true,"showImageEffects":true,"showParticleSystems":true,"showVisualEffectGraphs":true,"m_FxEnabled":true},"in2DMode":false,"pivot":{"x":2.3664867877960207,"y":0.7235794067382813,"z":1.3894405364990235},"rotation":{"x":-0.186649888753891,"y":-0.024462779983878137,"z":0.004648970440030098,"w":-0.9821131229400635},"size":10.051762580871582,"orthographic":false}